person_id,display_last_comma_first,display_first_last,rosterstatus,from_year,to_year,playercode,player_slug,team_id,team_city,team_name,team_abbreviation,team_code,team_slug,games_played_flag,otherleague_experience_ch
203500,"Adams, Steven",Steven Adams,1,2013,2025,steven_adams,steven_adams,1610612745,Houston,Rockets,HOU,rockets,rockets,Y,00
1628389,"Adebayo, Bam",Bam Adebayo,1,2017,2025,bam_adebayo,bam_adebayo,1610612748,Miami,Heat,MIA,heat,heat,Y,00
1630534,"Agbaji, Ochai",Ochai Agbaji,1,2022,2025,ochai_agbaji,ochai_agbaji,1610612761,Toronto,Raptors,TOR,raptors,raptors,Y,00
1630583,"Aldama, Santi",Santi Aldama,1,2021,2025,santi_aldama,santi_aldama,1610612763,Memphis,Grizzlies,MEM,grizzlies,grizzlies,Y,01
1641725,"Alexander, Trey",Trey Alexander,1,2024,2025,trey_alexander,trey_alexander,1610612740,New Orleans,Pelicans,NOP,pelicans,pelicans,Y,01
1629638,"Alexander-Walker, Nickeil",Nickeil Alexander-Walker,1,2019,2025,nickeil_alexander-walker,nickeil_alexander-walker,1610612737,Atlanta,Hawks,ATL,hawks,hawks,Y,01
1628960,"Allen, Grayson",Grayson Allen,1,2018,2025,grayson_allen,grayson_allen,1610612756,Phoenix,Suns,PHX,suns,suns,Y,01
1628386,"Allen, Jarrett",Jarrett Allen,1,2017,2025,jarrett_allen,jarrett_allen,1610612739,Cleveland,Cavaliers,CLE,cavaliers,cavaliers,Y,00
1630631,"Alvarado, Jose",Jose Alvarado,1,2021,2025,jose_alvarado,jose_alvarado,1610612740,New Orleans,Pelicans,NOP,pelicans,pelicans,Y,00
203937,"Anderson, Kyle",Kyle Anderson,1,2014,2025,kyle_anderson,kyle_anderson,1610612762,Utah,Jazz,UTA,jazz,jazz,Y,01
1630828,"Antetokounmpo, Alex",Alex Antetokounmpo,1,2025,2025,alex_antetokounmpo,alex_antetokounmpo,1610612749,Milwaukee,Bucks,MIL,bucks,bucks,N,01
203507,"Antetokounmpo, Giannis",Giannis Antetokounmpo,1,2013,2025,giannis_antetokounmpo,giannis_antetokounmpo,1610612749,Milwaukee,Bucks,MIL,bucks,bucks,Y,00
203648,"Antetokounmpo, Thanasis",Thanasis Antetokounmpo,1,2015,2025,thanasis_antetokounmpo,thanasis_antetokounmpo,1610612749,Milwaukee,Bucks,MIL,bucks,bucks,Y,01
1630175,"Anthony, Cole",Cole Anthony,1,2020,2025,cole_anthony,cole_anthony,1610612749,Milwaukee,Bucks,MIL,bucks,bucks,Y,00
1628384,"Anunoby, OG",OG Anunoby,1,2017,2025,og_anunoby,og_anunoby,1610612752,New York,Knicks,NYK,knicks,knicks,Y,00
1630166,"Avdija, Deni",Deni Avdija,1,2020,2025,deni_avdija,deni_avdija,1610612757,Portland,Trail Blazers,POR,blazers,blazers,Y,00
1629028,"Ayton, Deandre",Deandre Ayton,1,2018,2025,deandre_ayton,deandre_ayton,1610612747,Los Angeles,Lakers,LAL,lakers,lakers,Y,00
1628963,"Bagley III, Marvin",Marvin Bagley III,1,2018,2025,marvin_bagley_iii,marvin_bagley_iii,1610612764,Washington,Wizards,WAS,wizards,wizards,Y,00
1642846,"Bailey, Ace",Ace Bailey,1,2025,2025,airious_bailey,ace_bailey,1610612762,Utah,Jazz,UTA,jazz,jazz,Y,00
1630163,"Ball, LaMelo",LaMelo Ball,1,2020,2025,lamelo_ball,lamelo_ball,1610612766,Charlotte,Hornets,CHA,hornets,hornets,Y,00
1628366,"Ball, Lonzo",Lonzo Ball,1,2017,2025,lonzo_ball,lonzo_ball,1610612739,Cleveland,Cavaliers,CLE,cavaliers,cavaliers,Y,00
1631094,"Banchero, Paolo",Paolo Banchero,1,2022,2025,paolo_banchero,paolo_banchero,1610612753,Orlando,Magic,ORL,magic,magic,Y,00
1630217,"Bane, Desmond",Desmond Bane,1,2020,2025,desmond_bane,desmond_bane,1610612753,Orlando,Magic,ORL,magic,magic,Y,00
1631230,"Barlow, Dominick",Dominick Barlow,1,2022,2025,dominick_barlow,dominick_barlow,1610612755,Philadelphia,76ers,PHI,sixers,sixers,Y,01
203084,"Barnes, Harrison",Harrison Barnes,1,2012,2025,harrison_barnes,harrison_barnes,1610612759,San Antonio,Spurs,SAS,spurs,spurs,Y,00
1630567,"Barnes, Scottie",Scottie Barnes,1,2021,2025,scottie_barnes,scottie_barnes,1610612761,Toronto,Raptors,TOR,raptors,raptors,Y,00
1642964,"Barnhizer, Brooks",Brooks Barnhizer,1,2025,2025,brooks_barnhizer,brooks_barnhizer,1610612760,Oklahoma City,Thunder,OKC,thunder,thunder,Y,00
1629628,"Barrett, RJ",RJ Barrett,1,2019,2025,rj_barrett,rj_barrett,1610612761,Toronto,Raptors,TOR,raptors,raptors,Y,00
1629646,"Bassey, Charles",Charles Bassey,1,2021,2025,charles_bassey,charles_bassey,1610612763,Memphis,Grizzlies,MEM,grizzlies,grizzlies,Y,01
1642926,"Bates, Tamar",Tamar Bates,1,2025,2025,tamar_bates,tamar_bates,1610612743,Denver,Nuggets,DEN,nuggets,nuggets,Y,00
1642419,"Battle, Jamison",Jamison Battle,1,2024,2025,jamison_battle,jamison_battle,1610612761,Toronto,Raptors,TOR,raptors,raptors,Y,01
201587,"Batum, Nicolas",Nicolas Batum,1,2008,2025,nicolas_batum,nicolas_batum,1610612746,LA,Clippers,LAC,clippers,clippers,Y,00
203078,"Beal, Bradley",Bradley Beal,1,2012,2025,bradley_beal,bradley_beal,1610612746,LA,Clippers,LAC,clippers,clippers,Y,00
1642866,"Beringer, Joan",Joan Beringer,1,2025,2025,joan_beringer,joan_beringer,1610612750,Minnesota,Timberwolves,MIN,timberwolves,timberwolves,Y,00
1630180,"Bey, Saddiq",Saddiq Bey,1,2020,2025,saddiq_bey,saddiq_bey,1610612740,New Orleans,Pelicans,NOP,pelicans,pelicans,Y,00
1629048,"Bitadze, Goga",Goga Bitadze,1,2019,2025,goga_bitadze,goga_bitadze,1610612753,Orlando,Magic,ORL,magic,magic,Y,01
202687,"Biyombo, Bismack",Bismack Biyombo,1,2011,2025,bismack_biyombo,bismack_biyombo,1610612759,San Antonio,Spurs,SAS,spurs,spurs,Y,00
1641710,"Black, Anthony",Anthony Black,1,2023,2025,anthony_black,anthony_black,1610612753,Orlando,Magic,ORL,magic,magic,Y,00
203992,"Bogdanović, Bogdan",Bogdan Bogdanović,1,2017,2025,bogdan_bogdanovic,bogdan_bogdanović,1610612746,LA,Clippers,LAC,clippers,clippers,Y,00
1641737,"Bona, Adem",Adem Bona,1,2024,2025,adem_bona,adem_bona,1610612755,Philadelphia,76ers,PHI,sixers,sixers,Y,00
1626164,"Booker, Devin",Devin Booker,1,2015,2025,devin_booker,devin_booker,1610612756,Phoenix,Suns,PHX,suns,suns,Y,00
1628449,"Boucher, Chris",Chris Boucher,1,2017,2025,chris_boucher,chris_boucher,1610612738,Boston,Celtics,BOS,celtics,celtics,Y,01
1628396,"Bradley, Tony",Tony Bradley,1,2017,2025,tony_bradley,tony_bradley,1610612754,Indiana,Pacers,IND,pacers,pacers,Y,01
1631103,"Branham, Malaki",Malaki Branham,1,2022,2025,malaki_branham,malaki_branham,1610612764,Washington,Wizards,WAS,wizards,wizards,Y,01
1631128,"Braun, Christian",Christian Braun,1,2022,2025,christian_braun,christian_braun,1610612743,Denver,Nuggets,DEN,nuggets,nuggets,Y,00
1642886,"Brea, Koby",Koby Brea,1,2025,2025,kobe_brea,koby_brea,1610612756,Phoenix,Suns,PHX,suns,suns,Y,00
1628969,"Bridges, Mikal",Mikal Bridges,1,2018,2025,mikal_bridges,mikal_bridges,1610612752,New York,Knicks,NYK,knicks,knicks,Y,00
1628970,"Bridges, Miles",Miles Bridges,1,2018,2025,miles_bridges,miles_bridges,1610612766,Charlotte,Hornets,CHA,hornets,hornets,Y,00
1628415,"Brooks, Dillon",Dillon Brooks,1,2017,2025,dillon_brooks,dillon_brooks,1610612756,Phoenix,Suns,PHX,suns,suns,Y,00
1641780,"Broome, Johni",Johni Broome,1,2025,2025,johni_broome,johni_broome,1610612755,Philadelphia,76ers,PHI,sixers,sixers,Y,00
1628971,"Brown, Bruce",Bruce Brown,1,2018,2025,bruce_brown,bruce_brown,1610612743,Denver,Nuggets,DEN,nuggets,nuggets,Y,01
1627759,"Brown, Jaylen",Jaylen Brown,1,2016,2025,jaylen_brown,jaylen_brown,1610612738,Boston,Celtics,BOS,celtics,celtics,Y,00
1641738,"Brown, Kobe",Kobe Brown,1,2023,2025,kobe_brown,kobe_brown,1610612746,LA,Clippers,LAC,clippers,clippers,Y,01
1628973,"Brunson, Jalen",Jalen Brunson,1,2018,2025,jalen_brunson,jalen_brunson,1610612752,New York,Knicks,NYK,knicks,knicks,Y,00
1642868,"Bryant, Carter",Carter Bryant,1,2025,2025,carter_bryant,carter_bryant,1610612759,San Antonio,Spurs,SAS,spurs,spurs,Y,00
1628418,"Bryant, Thomas",Thomas Bryant,1,2017,2025,thomas_bryant,thomas_bryant,1610612739,Cleveland,Cavaliers,CLE,cavaliers,cavaliers,Y,01
202710,"Butler III, Jimmy",Jimmy Butler III,1,2011,2025,jimmy_butler,jimmy_butler_iii,1610612744,Golden State,Warriors,GSW,warriors,warriors,Y,00
1641824,"Buzelis, Matas",Matas Buzelis,1,2024,2025,matas_buzelis,matas_buzelis,1610612741,Chicago,Bulls,CHI,bulls,bulls,Y,01
1631288,"Cain, Jamal",Jamal Cain,1,2022,2025,jamal_cain,jamal_cain,1610612753,Orlando,Magic,ORL,magic,magic,Y,01
203484,"Caldwell-Pope, Kentavious",Kentavious Caldwell-Pope,1,2013,2025,kentavious_caldwell-pope,kentavious_caldwell-pope,1610612763,Memphis,Grizzlies,MEM,grizzlies,grizzlies,Y,00
1641739,"Camara, Toumani",Toumani Camara,1,2023,2025,toumani_camara,toumani_camara,1610612757,Portland,Trail Blazers,POR,blazers,blazers,Y,00
203991,"Capela, Clint",Clint Capela,1,2014,2025,clint_capela,clint_capela,1610612745,Houston,Rockets,HOU,rockets,rockets,Y,01
1642928,"Cardwell, Dylan",Dylan Cardwell,1,2025,2025,dylan_cardwell,dylan_cardwell,1610612758,Sacramento,Kings,SAC,kings,kings,Y,00
1642382,"Carlson, Branden",Branden Carlson,1,2024,2025,branden_carlson,branden_carlson,1610612760,Oklahoma City,Thunder,OKC,thunder,thunder,Y,01
1642267,"Carrington, Bub",Bub Carrington,1,2024,2025,carlton_carrington,bub_carrington,1610612764,Washington,Wizards,WAS,wizards,wizards,Y,00
1642269,"Carter, Devin",Devin Carter,1,2024,2025,tmp_devin_carter,devin_carter,1610612758,Sacramento,Kings,SAC,kings,kings,Y,01
1628975,"Carter, Jevon",Jevon Carter,1,2018,2025,jevon_carter,jevon_carter,1610612741,Chicago,Bulls,CHI,bulls,bulls,Y,01
1628976,"Carter Jr., Wendell",Wendell Carter Jr.,1,2018,2025,wendell_carter_jr,wendell_carter_jr,1610612753,Orlando,Magic,ORL,magic,magic,Y,00
1627936,"Caruso, Alex",Alex Caruso,1,2017,2025,alex_caruso,alex_caruso,1610612760,Oklahoma City,Thunder,OKC,thunder,thunder,Y,01
1642264,"Castle, Stephon",Stephon Castle,1,2024,2025,stephen_castle,stephon_castle,1610612759,San Antonio,Spurs,SAS,spurs,spurs,Y,00
1630658,"Castleton, Colin",Colin Castleton,1,2023,2025,colin_castleton,colin_castleton,1610612753,Orlando,Magic,ORL,magic,magic,Y,01
1630577,"Champagnie, Julian",Julian Champagnie,1,2022,2025,julian_champagnie,julian_champagnie,1610612759,San Antonio,Spurs,SAS,spurs,spurs,Y,01
1630551,"Champagnie, Justin",Justin Champagnie,1,2021,2025,justin_champagnie,justin_champagnie,1610612764,Washington,Wizards,WAS,wizards,wizards,Y,01
1642353,"Christie, Cam",Cam Christie,1,2024,2025,cam_christie,cam_christie,1610612746,LA,Clippers,LAC,clippers,clippers,Y,01
1631108,"Christie, Max",Max Christie,1,2022,2025,max_christie,max_christie,1610612742,Dallas,Mavericks,DAL,mavericks,mavericks,Y,01
1630619,"Cisse, Moussa",Moussa Cisse,1,2025,2025,tmp_moussa_cisse,moussa_cisse,1610612742,Dallas,Mavericks,DAL,mavericks,mavericks,Y,00
1631321,"Cissoko, Sidy",Sidy Cissoko,1,2023,2025,sidy_cissoko,sidy_cissoko,1610612757,Portland,Trail Blazers,POR,blazers,blazers,Y,01
1641740,"Clark, Jaylen",Jaylen Clark,1,2023,2025,jaylen_clark,jaylen_clark,1610612750,Minnesota,Timberwolves,MIN,timberwolves,timberwolves,Y,01
1629634,"Clarke, Brandon",Brandon Clarke,1,2019,2025,brandon_clarke,brandon_clarke,1610612763,Memphis,Grizzlies,MEM,grizzlies,grizzlies,Y,00
203903,"Clarkson, Jordan",Jordan Clarkson,1,2014,2025,jordan_clarkson,jordan_clarkson,1610612752,New York,Knicks,NYK,knicks,knicks,Y,01
1629651,"Claxton, Nic",Nic Claxton,1,2019,2025,nicolas_claxton,nic_claxton,1610612751,Brooklyn,Nets,BKN,nets,nets,Y,01
1642383,"Clayton Jr., Walter",Walter Clayton Jr.,1,2025,2025,walter_clayton_jr,walter_clayton_jr,1610612762,Utah,Jazz,UTA,jazz,jazz,Y,00
1642363,"Clifford, Nique",Nique Clifford,1,2025,2025,nique_clifford,nique_clifford,1610612758,Sacramento,Kings,SAC,kings,kings,Y,00
1642270,"Clingan, Donovan",Donovan Clingan,1,2024,2025,donovan_clingan,donovan_clingan,1610612757,Portland,Trail Blazers,POR,blazers,blazers,Y,00
1641730,"Clowney, Noah",Noah Clowney,1,2023,2025,noah_clowney,noah_clowney,1610612751,Brooklyn,Nets,BKN,nets,nets,Y,01
1629599,"Coffey, Amir",Amir Coffey,1,2019,2025,amir_coffey,amir_coffey,1610612749,Milwaukee,Bucks,MIL,bucks,bucks,Y,01
1642268,"Collier, Isaiah",Isaiah Collier,1,2024,2025,tmp_isaiah_collier,isaiah_collier,1610612762,Utah,Jazz,UTA,jazz,jazz,Y,00
1628381,"Collins, John",John Collins,1,2017,2025,john_collins,john_collins,1610612746,LA,Clippers,LAC,clippers,clippers,Y,00
1628380,"Collins, Zach",Zach Collins,1,2017,2025,zach_collins,zach_collins,1610612741,Chicago,Bulls,CHI,bulls,bulls,Y,01
201144,"Conley, Mike",Mike Conley,1,2007,2025,mike_conley,mike_conley,1610612750,Minnesota,Timberwolves,MIN,timberwolves,timberwolves,Y,00
1626192,"Connaughton, Pat",Pat Connaughton,1,2015,2025,pat_connaughton,pat_connaughton,1610612766,Charlotte,Hornets,CHA,hornets,hornets,Y,00
1631451,"Cooke, Javonte",Javonte Cooke,1,2025,2025,javonte_cooke,javonte_cooke,1610612757,Portland,Trail Blazers,POR,blazers,blazers,Y,01
1630536,"Cooper, Sharife",Sharife Cooper,1,2021,2025,sharife_cooper,sharife_cooper,1610612764,Washington,Wizards,WAS,wizards,wizards,Y,01
1641731,"Coulibaly, Bilal",Bilal Coulibaly,1,2023,2025,bilal_coulibaly,bilal_coulibaly,1610612764,Washington,Wizards,WAS,wizards,wizards,Y,00
1642907,"Coward, Cedric",Cedric Coward,1,2025,2025,cedric_coward,cedric_coward,1610612763,Memphis,Grizzlies,MEM,grizzlies,grizzlies,Y,00
1642384,"Crawford, Isaiah",Isaiah Crawford,1,2024,2025,isaiah_crawford,isaiah_crawford,1610612745,Houston,Rockets,HOU,rockets,rockets,Y,01
1630595,"Cunningham, Cade",Cade Cunningham,1,2021,2025,cade_cunningham,cade_cunningham,1610612765,Detroit,Pistons,DET,pistons,pistons,Y,00
201939,"Curry, Stephen",Stephen Curry,1,2009,2025,stephen_curry,stephen_curry,1610612744,Golden State,Warriors,GSW,warriors,warriors,Y,00
1642359,"Dadiet, Pacôme",Pacôme Dadiet,1,2024,2025,pacome_dadiet,pacôme_dadiet,1610612752,New York,Knicks,NYK,knicks,knicks,Y,01
1630700,"Daniels, Dyson",Dyson Daniels,1,2022,2025,dyson_daniels,dyson_daniels,1610612737,Atlanta,Hawks,ATL,hawks,hawks,Y,01
1642368,"Dante, N'Faly",N'Faly Dante,1,2024,2025,nfaly_dante,nfaly_dante,1610612737,Atlanta,Hawks,ATL,hawks,hawks,Y,01
203076,"Davis, Anthony",Anthony Davis,1,2012,2025,anthony_davis,anthony_davis,1610612742,Dallas,Mavericks,DAL,mavericks,mavericks,Y,00
1631120,"Davison, JD",JD Davison,1,2022,2025,jd_davison,jd_davison,1610612745,Houston,Rockets,HOU,rockets,rockets,Y,01
201942,"DeRozan, DeMar",DeMar DeRozan,1,2009,2025,demar_derozan,demar_derozan,1610612758,Sacramento,Kings,SAC,kings,kings,Y,00
1642484,"Dennis, RayJ",RayJ Dennis,1,2024,2025,rayj_dennis,rayj_dennis,1610612754,Indiana,Pacers,IND,pacers,pacers,Y,01
1628978,"DiVincenzo, Donte",Donte DiVincenzo,1,2018,2025,donte_divincenzo,donte_divincenzo,1610612750,Minnesota,Timberwolves,MIN,timberwolves,timberwolves,Y,01
1631217,"Diabaté, Moussa",Moussa Diabaté,1,2022,2025,moussa_diabate,moussa_diabaté,1610612766,Charlotte,Hornets,CHA,hornets,hornets,Y,01
1642885,"Diawara, Mohamed",Mohamed Diawara,1,2025,2025,mohamed_diawara,mohamed_diawara,1610612752,New York,Knicks,NYK,knicks,knicks,Y,00
1641711,"Dick, Gradey",Gradey Dick,1,2023,2025,gradey_dick,gradey_dick,1610612761,Toronto,Raptors,TOR,raptors,raptors,Y,01
1630621,"Dickinson, Hunter",Hunter Dickinson,1,2025,2025,hunter_dickinson,hunter_dickinson,1610612740,New Orleans,Pelicans,NOP,pelicans,pelicans,Y,00
1631172,"Dieng, Ousmane",Ousmane Dieng,1,2022,2025,ousmane_dieng,ousmane_dieng,1610612760,Oklahoma City,Thunder,OKC,thunder,thunder,Y,01
1642265,"Dillingham, Rob",Rob Dillingham,1,2024,2025,rob_dillingham,rob_dillingham,1610612750,Minnesota,Timberwolves,MIN,timberwolves,timberwolves,Y,01
1629029,"Dončić, Luka",Luka Dončić,1,2018,2025,luka_don,luka_dončić,1610612747,Los Angeles,Lakers,LAL,lakers,lakers,Y,00
1629652,"Dort, Luguentz",Luguentz Dort,1,2019,2025,luguentz_dort,luguentz_dort,1610612760,Oklahoma City,Thunder,OKC,thunder,thunder,Y,01
1630245,"Dosunmu, Ayo",Ayo Dosunmu,1,2021,2025,ayo_dosunmu,ayo_dosunmu,1610612741,Chicago,Bulls,CHI,bulls,bulls,Y,00
203083,"Drummond, Andre",Andre Drummond,1,2012,2025,andre_drummond,andre_drummond,1610612755,Philadelphia,76ers,PHI,sixers,sixers,Y,00
1627739,"Dunn, Kris",Kris Dunn,1,2016,2025,kris_dunn,kris_dunn,1610612746,LA,Clippers,LAC,clippers,clippers,Y,01
1642346,"Dunn, Ryan",Ryan Dunn,1,2024,2025,ryan_dunn,ryan_dunn,1610612756,Phoenix,Suns,PHX,suns,suns,Y,00
201142,"Durant, Kevin",Kevin Durant,1,2007,2025,kevin_durant,kevin_durant,1610612745,Houston,Rockets,HOU,rockets,rockets,Y,00
1631105,"Duren, Jalen",Jalen Duren,1,2022,2025,jalen_duren,jalen_duren,1610612765,Detroit,Pistons,DET,pistons,pistons,Y,00
1642856,"Dëmin, Egor",Egor Dëmin,1,2025,2025,tmp_egor_demin,egor_dëmin,1610612751,Brooklyn,Nets,BKN,nets,nets,Y,00
1631106,"Eason, Tari",Tari Eason,1,2022,2025,tari_eason,tari_eason,1610612745,Houston,Rockets,HOU,rockets,rockets,Y,00
1641744,"Edey, Zach",Zach Edey,1,2024,2025,zach_edey,zach_edey,1610612763,Memphis,Grizzlies,MEM,grizzlies,grizzlies,Y,00
1642845,"Edgecombe, VJ",VJ Edgecombe,1,2025,2025,valdez_edgecombe,vj_edgecombe,1610612755,Philadelphia,76ers,PHI,sixers,sixers,Y,00
1630162,"Edwards, Anthony",Anthony Edwards,1,2020,2025,anthony_edwards,anthony_edwards,1610612750,Minnesota,Timberwolves,MIN,timberwolves,timberwolves,Y,00
1642348,"Edwards, Justin",Justin Edwards,1,2024,2025,tmp_justin_edwards,justin_edwards,1610612755,Philadelphia,76ers,PHI,sixers,sixers,Y,01
1631165,"Ellis, Keon",Keon Ellis,1,2022,2025,keon_ellis,keon_ellis,1610612758,Sacramento,Kings,SAC,kings,kings,Y,01
203954,"Embiid, Joel",Joel Embiid,1,2014,2025,joel_embiid,joel_embiid,1610612755,Philadelphia,76ers,PHI,sixers,sixers,Y,00
1642855,"Essengue, Noa",Noa Essengue,1,2025,2025,tmp_noa_essengue,noa_essengue,1610612741,Chicago,Bulls,CHI,bulls,bulls,Y,00
1630623,"Etienne, Tyson",Tyson Etienne,1,2024,2025,tyson_etienne,tyson_etienne,1610612751,Brooklyn,Nets,BKN,nets,nets,Y,01
1629234,"Eubanks, Drew",Drew Eubanks,1,2018,2025,drew_eubanks,drew_eubanks,1610612758,Sacramento,Kings,SAC,kings,kings,Y,01
1641787,"Evbuomwan, Tosan",Tosan Evbuomwan,1,2023,2025,tosan_evbuomwan,tosan_evbuomwan,1610612752,New York,Knicks,NYK,knicks,knicks,Y,01
203957,"Exum, Danté",Danté Exum,1,2014,2025,dante_exum,danté_exum,1610612742,Dallas,Mavericks,DAL,mavericks,mavericks,Y,00
1642847,"Fears, Jeremiah",Jeremiah Fears,1,2025,2025,jeremiah_fears,jeremiah_fears,1610612740,New Orleans,Pelicans,NOP,pelicans,pelicans,Y,00
1642271,"Filipowski, Kyle",Kyle Filipowski,1,2024,2025,kyle_filipowski,kyle_filipowski,1610612762,Utah,Jazz,UTA,jazz,jazz,Y,00
1627827,"Finney-Smith, Dorian",Dorian Finney-Smith,1,2016,2025,dorian_finney-smith,dorian_finney-smith,1610612745,Houston,Rockets,HOU,rockets,rockets,Y,00
1642843,"Flagg, Cooper",Cooper Flagg,1,2025,2025,tmp_cooper_flagg,cooper_flagg,1610612742,Dallas,Mavericks,DAL,mavericks,mavericks,Y,00
1642853,"Fleming, Rasheer",Rasheer Fleming,1,2025,2025,rasheer_fleming,rasheer_fleming,1610612756,Phoenix,Suns,PHX,suns,suns,Y,00
1642280,"Flowers, Trentyn",Trentyn Flowers,1,2024,2025,trentyn_flowers,trentyn_flowers,1610612741,Chicago,Bulls,CHI,bulls,bulls,Y,01
1631323,"Fontecchio, Simone",Simone Fontecchio,1,2022,2025,simone_fontecchio,simone_fontecchio,1610612748,Miami,Heat,MIA,heat,heat,Y,00
1628368,"Fox, De'Aaron",De'Aaron Fox,1,2017,2025,de'aaron_fox,deaaron_fox,1610612759,San Antonio,Spurs,SAS,spurs,spurs,Y,00
1642402,"Freeman, Enrique",Enrique Freeman,1,2024,2025,enrique_freeman,enrique_freeman,1610612750,Minnesota,Timberwolves,MIN,timberwolves,timberwolves,Y,01
1642277,"Furphy, Johnny",Johnny Furphy,1,2024,2025,johnny_furphy,johnny_furphy,1610612754,Indiana,Pacers,IND,pacers,pacers,Y,01
1629655,"Gafford, Daniel",Daniel Gafford,1,2019,2025,daniel_gafford,daniel_gafford,1610612742,Dallas,Mavericks,DAL,mavericks,mavericks,Y,01
1642066,"Gardner, Myron",Myron Gardner,1,2025,2025,myron_gardner,myron_gardner,1610612748,Miami,Heat,MIA,heat,heat,Y,01
1629636,"Garland, Darius",Darius Garland,1,2019,2025,darius_garland,darius_garland,1610612739,Cleveland,Cavaliers,CLE,cavaliers,cavaliers,Y,00
1630568,"Garza, Luka",Luka Garza,1,2021,2025,luka_garza,luka_garza,1610612738,Boston,Celtics,BOS,celtics,celtics,Y,01
1641718,"George, Keyonte",Keyonte George,1,2023,2025,keyonte_george,keyonte_george,1610612762,Utah,Jazz,UTA,jazz,jazz,Y,00
1642273,"George, Kyshawn",Kyshawn George,1,2024,2025,kyshawn_george,kyshawn_george,1610612764,Washington,Wizards,WAS,wizards,wizards,Y,00
202331,"George, Paul",Paul George,1,2010,2025,paul_george,paul_george,1610612755,Philadelphia,76ers,PHI,sixers,sixers,Y,00
1630581,"Giddey, Josh",Josh Giddey,1,2021,2025,josh_giddey,josh_giddey,1610612741,Chicago,Bulls,CHI,bulls,bulls,Y,00
1628983,"Gilgeous-Alexander, Shai",Shai Gilgeous-Alexander,1,2018,2025,shai_gilgeous-alexander,shai_gilgeous-alexander,1610612760,Oklahoma City,Thunder,OKC,thunder,thunder,Y,00
1630264,"Gill, Anthony",Anthony Gill,1,2020,2025,anthony_gill,anthony_gill,1610612764,Washington,Wizards,WAS,wizards,wizards,Y,00
1631221,"Gillespie, Collin",Collin Gillespie,1,2022,2025,collin_gillespie,collin_gillespie,1610612756,Phoenix,Suns,PHX,suns,suns,Y,01
203497,"Gobert, Rudy",Rudy Gobert,1,2013,2025,rudy_gobert,rudy_gobert,1610612750,Minnesota,Timberwolves,MIN,timberwolves,timberwolves,Y,01
1642884,"Goldin, Vladislav",Vladislav Goldin,1,2025,2025,vladislav_goldin,vladislav_goldin,1610612748,Miami,Heat,MIA,heat,heat,Y,00
1642864,"González, Hugo",Hugo González,1,2025,2025,hugo_gonzález,hugo_gonzález,1610612738,Boston,Celtics,BOS,celtics,celtics,Y,00
1630692,"Goodwin, Jordan",Jordan Goodwin,1,2021,2025,jordan_goodwin,jordan_goodwin,1610612756,Phoenix,Suns,PHX,suns,suns,Y,01
203932,"Gordon, Aaron",Aaron Gordon,1,2014,2025,aaron_gordon,aaron_gordon,1610612743,Denver,Nuggets,DEN,nuggets,nuggets,Y,00
201569,"Gordon, Eric",Eric Gordon,1,2008,2025,eric_gordon,eric_gordon,1610612755,Philadelphia,76ers,PHI,sixers,sixers,Y,00
203924,"Grant, Jerami",Jerami Grant,1,2014,2025,jerami_grant,jerami_grant,1610612757,Portland,Trail Blazers,POR,blazers,blazers,Y,00
1631260,"Green, AJ",AJ Green,1,2022,2025,aj_green,aj_green,1610612749,Milwaukee,Bucks,MIL,bucks,bucks,Y,01
203110,"Green, Draymond",Draymond Green,1,2012,2025,draymond_green,draymond_green,1610612744,Golden State,Warriors,GSW,warriors,warriors,Y,00
1630224,"Green, Jalen",Jalen Green,1,2021,2025,jalen_green,jalen_green,1610612756,Phoenix,Suns,PHX,suns,suns,Y,01
1629750,"Green, Javonte",Javonte Green,1,2019,2025,javonte_green,javonte_green,1610612765,Detroit,Pistons,DET,pistons,pistons,Y,01
201145,"Green, Jeff",Jeff Green,1,2007,2025,jeff_green,jeff_green,1610612745,Houston,Rockets,HOU,rockets,rockets,Y,00
1630182,"Green, Josh",Josh Green,1,2020,2025,josh_green,josh_green,1610612766,Charlotte,Hornets,CHA,hornets,hornets,Y,01
1629656,"Grimes, Quentin",Quentin Grimes,1,2021,2025,quentin_grimes,quentin_grimes,1610612755,Philadelphia,76ers,PHI,sixers,sixers,Y,00
1631243,"Gueye, Mouhamed",Mouhamed Gueye,1,2023,2025,mouhamed_gueye,mouhamed_gueye,1610612737,Atlanta,Hawks,ATL,hawks,hawks,Y,01
1629060,"Hachimura, Rui",Rui Hachimura,1,2019,2025,rui_hachimura,rui_hachimura,1610612747,Los Angeles,Lakers,LAL,lakers,lakers,Y,00
1630169,"Haliburton, Tyrese",Tyrese Haliburton,1,2020,2025,tyrese_haliburton,tyrese_haliburton,1610612754,Indiana,Pacers,IND,pacers,pacers,Y,00
1641790,"Hall, PJ",PJ Hall,1,2024,2025,pj_hall,pj_hall,1610612763,Memphis,Grizzlies,MEM,grizzlies,grizzlies,Y,01
203501,"Hardaway Jr., Tim",Tim Hardaway Jr.,1,2013,2025,tim_hardaway_jr,tim_hardaway_jr,1610612743,Denver,Nuggets,DEN,nuggets,nuggets,Y,01
201935,"Harden, James",James Harden,1,2009,2025,james_harden,james_harden,1610612746,LA,Clippers,LAC,clippers,clippers,Y,00
1630702,"Hardy, Jaden",Jaden Hardy,1,2022,2025,jaden_hardy,jaden_hardy,1610612742,Dallas,Mavericks,DAL,mavericks,mavericks,Y,00
1641989,"Harkless, Elijah",Elijah Harkless,1,2024,2025,elijah_harkless,elijah_harkless,1610612762,Utah,Jazz,UTA,jazz,jazz,Y,01
1642844,"Harper, Dylan",Dylan Harper,1,2025,2025,tmp_dylan_harper,dylan_harper,1610612759,San Antonio,Spurs,SAS,spurs,spurs,Y,00
1631199,"Harper Jr., Ron",Ron Harper Jr.,1,2022,2025,ron_harper_jr,ron_harper_jr,1610612738,Boston,Celtics,BOS,celtics,celtics,Y,01
203914,"Harris, Gary",Gary Harris,1,2014,2025,gary_harris,gary_harris,1610612749,Milwaukee,Bucks,MIL,bucks,bucks,Y,00
1630284,"Harris, Kevon",Kevon Harris,1,2022,2025,kevon_harris,kevon_harris,1610612745,Houston,Rockets,HOU,rockets,rockets,Y,01
202699,"Harris, Tobias",Tobias Harris,1,2011,2025,tobias_harris,tobias_harris,1610612765,Detroit,Pistons,DET,pistons,pistons,Y,00
1628404,"Hart, Josh",Josh Hart,1,2017,2025,josh_hart,josh_hart,1610612752,New York,Knicks,NYK,knicks,knicks,Y,01
1628392,"Hartenstein, Isaiah",Isaiah Hartenstein,1,2018,2025,isaiah_hartenstein,isaiah_hartenstein,1610612760,Oklahoma City,Thunder,OKC,thunder,thunder,Y,01
1630573,"Hauser, Sam",Sam Hauser,1,2021,2025,sam_hauser,sam_hauser,1610612738,Boston,Celtics,BOS,celtics,celtics,Y,01
1641722,"Hawkins, Jordan",Jordan Hawkins,1,2023,2025,jordan_hawkins,jordan_hawkins,1610612740,New Orleans,Pelicans,NOP,pelicans,pelicans,Y,01
1629637,"Hayes, Jaxson",Jaxson Hayes,1,2019,2025,jaxson_hayes,jaxson_hayes,1610612747,Los Angeles,Lakers,LAL,lakers,lakers,Y,00
1628502,"Hayes-Davis, Nigel",Nigel Hayes-Davis,1,2017,2025,nigel_hayes,nigel_hayes-davis,1610612756,Phoenix,Suns,PHX,suns,suns,Y,01
1630703,"Henderson, Scoot",Scoot Henderson,1,2023,2025,scoot_henderson,scoot_henderson,1610612757,Portland,Trail Blazers,POR,blazers,blazers,Y,01
1641707,"Hendricks, Taylor",Taylor Hendricks,1,2023,2025,taylor_hendricks,taylor_hendricks,1610612762,Utah,Jazz,UTA,jazz,jazz,Y,01
1642935,"Hepburn, Chucky",Chucky Hepburn,1,2025,2025,chucky_hepburn,chucky_hepburn,1610612761,Toronto,Raptors,TOR,raptors,raptors,Y,00
1629639,"Herro, Tyler",Tyler Herro,1,2019,2025,tyler_herro,tyler_herro,1610612748,Miami,Heat,MIA,heat,heat,Y,00
1627741,"Hield, Buddy",Buddy Hield,1,2016,2025,buddy_hield,buddy_hield,1610612744,Golden State,Warriors,GSW,warriors,warriors,Y,00
1629312,"Highsmith, Haywood",Haywood Highsmith,1,2018,2025,haywood_highsmith,haywood_highsmith,1610612751,Brooklyn,Nets,BKN,nets,nets,Y,01
1628988,"Holiday, Aaron",Aaron Holiday,1,2018,2025,aaron_holiday,aaron_holiday,1610612745,Houston,Rockets,HOU,rockets,rockets,Y,00
201950,"Holiday, Jrue",Jrue Holiday,1,2009,2025,jrue_holiday,jrue_holiday,1610612757,Portland,Trail Blazers,POR,blazers,blazers,Y,00
1641842,"Holland II, Ronald",Ronald Holland II,1,2024,2025,ronald_holland_ii,ronald_holland_ii,1610612765,Detroit,Pistons,DET,pistons,pistons,Y,01
1641747,"Holmes II, DaRon",DaRon Holmes II,1,2024,2025,daron_holmes_ii,daron_holmes_ii,1610612743,Denver,Nuggets,DEN,nuggets,nuggets,Y,00
1631096,"Holmgren, Chet",Chet Holmgren,1,2022,2025,chet_holmgren,chet_holmgren,1610612760,Oklahoma City,Thunder,OKC,thunder,thunder,Y,00
201143,"Horford, Al",Al Horford,1,2007,2025,al_horford,al_horford,1610612744,Golden State,Warriors,GSW,warriors,warriors,Y,00
1631216,"Houstan, Caleb",Caleb Houstan,1,2022,2025,caleb_houstan,caleb_houstan,1610612737,Atlanta,Hawks,ATL,hawks,hawks,Y,01
1641724,"Howard, Jett",Jett Howard,1,2023,2025,jett_howard,jett_howard,1610612753,Orlando,Magic,ORL,magic,magic,Y,01
1628989,"Huerter, Kevin",Kevin Huerter,1,2018,2025,kevin_huerter,kevin_huerter,1610612741,Chicago,Bulls,CHI,bulls,bulls,Y,00
1630643,"Huff, Jay",Jay Huff,1,2021,2025,jay_huff,jay_huff,1610612754,Indiana,Pacers,IND,pacers,pacers,Y,01
1630574,"Hukporti, Ariel",Ariel Hukporti,1,2024,2025,ariel_hukporti,ariel_hukporti,1610612752,New York,Knicks,NYK,knicks,knicks,Y,01
1629631,"Hunter, De'Andre",De'Andre Hunter,1,2019,2025,deandre_hunter,deandre_hunter,1610612739,Cleveland,Cavaliers,CLE,cavaliers,cavaliers,Y,00
1643047,"Huntley, CJ",CJ Huntley,1,2025,2025,cj_huntley,cj_huntley,1610612756,Phoenix,Suns,PHX,suns,suns,Y,00
1630538,"Hyland, Bones",Bones Hyland,1,2021,2025,nahshon_hyland,bones_hyland,1610612750,Minnesota,Timberwolves,MIN,timberwolves,timberwolves,Y,01
1642345,"Ighodaro, Oso",Oso Ighodaro,1,2024,2025,oso_ighodaro,oso_ighodaro,1610612756,Phoenix,Suns,PHX,suns,suns,Y,01
204060,"Ingles, Joe",Joe Ingles,1,2014,2025,joe_ingles,joe_ingles,1610612750,Minnesota,Timberwolves,MIN,timberwolves,timberwolves,Y,00
1627742,"Ingram, Brandon",Brandon Ingram,1,2016,2025,brandon_ingram,brandon_ingram,1610612761,Toronto,Raptors,TOR,raptors,raptors,Y,00
1631127,"Ingram, Harrison",Harrison Ingram,1,2024,2025,harrison_ingram,harrison_ingram,1610612759,San Antonio,Spurs,SAS,spurs,spurs,Y,01
202681,"Irving, Kyrie",Kyrie Irving,1,2011,2025,kyrie_irving,kyrie_irving,1610612742,Dallas,Mavericks,DAL,mavericks,mavericks,Y,00
1628371,"Isaac, Jonathan",Jonathan Isaac,1,2017,2025,jonathan_isaac,jonathan_isaac,1610612753,Orlando,Magic,ORL,magic,magic,Y,01
1631093,"Ivey, Jaden",Jaden Ivey,1,2022,2025,jaden_ivey,jaden_ivey,1610612765,Detroit,Pistons,DET,pistons,pistons,Y,00
1641713,"Jackson, GG",GG Jackson,1,2023,2025,gg_jackson,gg_jackson,1610612763,Memphis,Grizzlies,MEM,grizzlies,grizzlies,Y,01
1630543,"Jackson, Isaiah",Isaiah Jackson,1,2021,2025,isaiah_jackson,isaiah_jackson,1610612754,Indiana,Pacers,IND,pacers,pacers,Y,01
1631245,"Jackson, Quenton",Quenton Jackson,1,2022,2025,quenton_jackson,quenton_jackson,1610612754,Indiana,Pacers,IND,pacers,pacers,Y,01
1641748,"Jackson Jr., Andre",Andre Jackson Jr.,1,2023,2025,andre_jackson_jr,andre_jackson_jr,1610612749,Milwaukee,Bucks,MIL,bucks,bucks,Y,01
1628991,"Jackson Jr., Jaren",Jaren Jackson Jr.,1,2018,2025,jaren_jackson_jr,jaren_jackson_jr,1610612763,Memphis,Grizzlies,MEM,grizzlies,grizzlies,Y,00
1631218,"Jackson-Davis, Trayce",Trayce Jackson-Davis,1,2023,2025,trayce_jackson-davis,trayce_jackson-davis,1610612744,Golden State,Warriors,GSW,warriors,warriors,Y,01
1642857,"Jakučionis, Kasparas",Kasparas Jakučionis,1,2025,2025,kasparas_jakucionis,kasparas_jakučionis,1610612748,Miami,Heat,MIA,heat,heat,Y,00
1642355,"James, Bronny",Bronny James,1,2024,2025,tmp_bronny_james,bronny_james,1610612747,Los Angeles,Lakers,LAL,lakers,lakers,Y,01
2544,"James, LeBron",LeBron James,1,2003,2025,lebron_james,lebron_james,1610612747,Los Angeles,Lakers,LAL,lakers,lakers,Y,00
1642883,"James, Sion",Sion James,1,2025,2025,sion_james,sion_james,1610612766,Charlotte,Hornets,CHA,hornets,hornets,Y,00
1631170,"Jaquez Jr., Jaime",Jaime Jaquez Jr.,1,2023,2025,jaime_jaquez_jr,jaime_jaquez_jr,1610612748,Miami,Heat,MIA,heat,heat,Y,00
1641998,"Jemison III, Trey",Trey Jemison III,1,2023,2025,trey_jemison,trey_jemison_iii,1610612752,New York,Knicks,NYK,knicks,knicks,Y,01
1642450,"Jenkins, Daniss",Daniss Jenkins,1,2024,2025,daniss_jenkins,daniss_jenkins,1610612765,Detroit,Pistons,DET,pistons,pistons,Y,01
1629660,"Jerome, Ty",Ty Jerome,1,2019,2025,ty_jerome,ty_jerome,1610612763,Memphis,Grizzlies,MEM,grizzlies,grizzlies,Y,01
1630198,"Joe, Isaiah",Isaiah Joe,1,2020,2025,isaiah_joe,isaiah_joe,1610612760,Oklahoma City,Thunder,OKC,thunder,thunder,Y,01
1642358,"Johnson, AJ",AJ Johnson,1,2024,2025,aj_johnson,aj_johnson,1610612764,Washington,Wizards,WAS,wizards,wizards,Y,01
1629661,"Johnson, Cameron",Cameron Johnson,1,2019,2025,cameron_johnson,cameron_johnson,1610612743,Denver,Nuggets,DEN,nuggets,nuggets,Y,00
1630552,"Johnson, Jalen",Jalen Johnson,1,2021,2025,jalen_johnson,jalen_johnson,1610612737,Atlanta,Hawks,ATL,hawks,hawks,Y,01
1629640,"Johnson, Keldon",Keldon Johnson,1,2019,2025,keldon_johnson,keldon_johnson,1610612759,San Antonio,Spurs,SAS,spurs,spurs,Y,01
1642352,"Johnson, Keshad",Keshad Johnson,1,2024,2025,tmp_keshad_johnson,keshad_johnson,1610612748,Miami,Heat,MIA,heat,heat,Y,01
1642848,"Johnson, Tre",Tre Johnson,1,2025,2025,tmp_tre_johnson,tre_johnson,1610612764,Washington,Wizards,WAS,wizards,wizards,Y,00
203999,"Jokić, Nikola",Nikola Jokić,1,2015,2025,nikola_jokic,nikola_jokić,1610612743,Denver,Nuggets,DEN,nuggets,nuggets,Y,00
1641732,"Jones, Colby",Colby Jones,1,2023,2025,colby_jones,colby_jones,1610612765,Detroit,Pistons,DET,pistons,pistons,Y,01
1642938,"Jones, Curtis",Curtis Jones,1,2025,2025,curtis_jones,curtis_jones,1610612743,Denver,Nuggets,DEN,nuggets,nuggets,Y,00
1630529,"Jones, Herbert",Herbert Jones,1,2021,2025,herbert_jones,herbert_jones,1610612740,New Orleans,Pelicans,NOP,pelicans,pelicans,Y,00
1642403,"Jones, Isaac",Isaac Jones,1,2024,2025,isaac_jones,isaac_jones,1610612758,Sacramento,Kings,SAC,kings,kings,Y,01
1642880,"Jones, Kam",Kam Jones,1,2025,2025,kameron_jones,kam_jones,1610612754,Indiana,Pacers,IND,pacers,pacers,N,00
1642461,"Jones, Spencer",Spencer Jones,1,2024,2025,spencer_jones,spencer_jones,1610612743,Denver,Nuggets,DEN,nuggets,nuggets,Y,01
1630200,"Jones, Tre",Tre Jones,1,2020,2025,tre_jones,tre_jones,1610612741,Chicago,Bulls,CHI,bulls,bulls,Y,01
1626145,"Jones, Tyus",Tyus Jones,1,2015,2025,tyus_jones,tyus_jones,1610612753,Orlando,Magic,ORL,magic,magic,Y,01
1642357,"Jones Garcia, David",David Jones Garcia,1,2025,2025,david_jones,david_jones_garcia,1610612759,San Antonio,Spurs,SAS,spurs,spurs,Y,01
1627884,"Jones Jr., Derrick",Derrick Jones Jr.,1,2016,2025,derrick_jones_jr,derrick_jones_jr,1610612746,LA,Clippers,LAC,clippers,clippers,Y,01
201599,"Jordan, DeAndre",DeAndre Jordan,1,2008,2025,deandre_jordan,deandre_jordan,1610612740,New Orleans,Pelicans,NOP,pelicans,pelicans,Y,00
1631107,"Jović, Nikola",Nikola Jović,1,2022,2025,nikola_jovic,nikola_jović,1610612748,Miami,Heat,MIA,heat,heat,Y,01
1630548,"Juzang, Johnny",Johnny Juzang,1,2022,2025,johnny_juzang,johnny_juzang,1610612750,Minnesota,Timberwolves,MIN,timberwolves,timberwolves,Y,01
1641750,"Kalkbrenner, Ryan",Ryan Kalkbrenner,1,2025,2025,ryan_kalkbrenner,ryan_kalkbrenner,1610612766,Charlotte,Hornets,CHA,hornets,hornets,Y,00
1642939,"Kelly, Miles",Miles Kelly,1,2025,2025,miles_kelly,miles_kelly,1610612742,Dallas,Mavericks,DAL,mavericks,mavericks,Y,00
1628379,"Kennard, Luke",Luke Kennard,1,2017,2025,luke_kennard,luke_kennard,1610612737,Atlanta,Hawks,ATL,hawks,hawks,Y,01
1631117,"Kessler, Walker",Walker Kessler,1,2022,2025,walker_kessler,walker_kessler,1610612762,Utah,Jazz,UTA,jazz,jazz,Y,00
1630557,"Kispert, Corey",Corey Kispert,1,2021,2025,corey_kispert,corey_kispert,1610612764,Washington,Wizards,WAS,wizards,wizards,Y,00
1628467,"Kleber, Maxi",Maxi Kleber,1,2017,2025,maxi_kleber,maxi_kleber,1610612747,Los Angeles,Lakers,LAL,lakers,lakers,Y,00
1641752,"Klintman, Bobi",Bobi Klintman,1,2024,2025,bobi_klintman,bobi_klintman,1610612765,Detroit,Pistons,DET,pistons,pistons,Y,01
1642261,"Knecht, Dalton",Dalton Knecht,1,2024,2025,dalton_knecht,dalton_knecht,1610612747,Los Angeles,Lakers,LAL,lakers,lakers,Y,00
1642851,"Knueppel, Kon",Kon Knueppel,1,2025,2025,kon_knueppel,kon_knueppel,1610612766,Charlotte,Hornets,CHA,hornets,hornets,Y,00
1642278,"Kolek, Tyler",Tyler Kolek,1,2024,2025,tyler_kolek,tyler_kolek,1610612752,New York,Knicks,NYK,knicks,knicks,Y,01
1631132,"Koloko, Christian",Christian Koloko,1,2022,2025,christian_koloko,christian_koloko,1610612747,Los Angeles,Lakers,LAL,lakers,lakers,Y,01
1629723,"Konchar, John",John Konchar,1,2019,2025,john_konchar,john_konchar,1610612763,Memphis,Grizzlies,MEM,grizzlies,grizzlies,Y,01
1628436,"Kornet, Luke",Luke Kornet,1,2017,2025,luke_kornet,luke_kornet,1610612759,San Antonio,Spurs,SAS,spurs,spurs,Y,01
1630249,"Krejčí, Vít",Vít Krejčí,1,2021,2025,vit_krejci,vít_krejčí,1610612737,Atlanta,Hawks,ATL,hawks,hawks,Y,01
1630228,"Kuminga, Jonathan",Jonathan Kuminga,1,2021,2025,jonathan_kuminga,jonathan_kuminga,1610612744,Golden State,Warriors,GSW,warriors,warriors,Y,01
1628398,"Kuzma, Kyle",Kyle Kuzma,1,2017,2025,kyle_kuzma,kyle_kuzma,1610612749,Milwaukee,Bucks,MIL,bucks,bucks,Y,00
1631222,"LaRavia, Jake",Jake LaRavia,1,2022,2025,jake_laravia,jake_laravia,1610612747,Los Angeles,Lakers,LAL,lakers,lakers,Y,01
203897,"LaVine, Zach",Zach LaVine,1,2014,2025,zach_lavine,zach_lavine,1610612758,Sacramento,Kings,SAC,kings,kings,Y,00
1629111,"Landale, Jock",Jock Landale,1,2021,2025,jock_landale,jock_landale,1610612763,Memphis,Grizzlies,MEM,grizzlies,grizzlies,Y,00
1642404,"Lanier, Chaz",Chaz Lanier,1,2025,2025,chaz_lanier,chaz_lanier,1610612765,Detroit,Pistons,DET,pistons,pistons,Y,00
1641796,"Larsson, Pelle",Pelle Larsson,1,2024,2025,pelle_larsson,pelle_larsson,1610612748,Miami,Heat,MIA,heat,heat,Y,01
1630639,"Lawson, A.J.",A.J. Lawson,1,2022,2025,aj_lawson,aj_lawson,1610612761,Toronto,Raptors,TOR,raptors,raptors,Y,01
1627747,"LeVert, Caris",Caris LeVert,1,2016,2025,caris_levert,caris_levert,1610612765,Detroit,Pistons,DET,pistons,pistons,Y,00
202695,"Leonard, Kawhi",Kawhi Leonard,1,2011,2025,kawhi_leonard,kawhi_leonard,1610612746,LA,Clippers,LAC,clippers,clippers,Y,00
1630604,"Liddell, E.J.",E.J. Liddell,1,2022,2025,ej_liddell,ej_liddell,1610612751,Brooklyn,Nets,BKN,nets,nets,Y,01
203081,"Lillard, Damian",Damian Lillard,1,2012,2025,damian_lillard,damian_lillard,1610612757,Portland,Trail Blazers,POR,blazers,blazers,Y,00
1641726,"Lively II, Dereck",Dereck Lively II,1,2023,2025,dereck_lively_ii,dereck_lively_ii,1610612742,Dallas,Mavericks,DAL,mavericks,mavericks,Y,00
1630587,"Livers, Isaiah",Isaiah Livers,1,2021,2025,isaiah_livers,isaiah_livers,1610612756,Phoenix,Suns,PHX,suns,suns,Y,01
1626172,"Looney, Kevon",Kevon Looney,1,2015,2025,kevon_looney,kevon_looney,1610612740,New Orleans,Pelicans,NOP,pelicans,pelicans,Y,01
201572,"Lopez, Brook",Brook Lopez,1,2008,2025,brook_lopez,brook_lopez,1610612746,LA,Clippers,LAC,clippers,clippers,Y,00
1631126,"Love, Caleb",Caleb Love,1,2025,2025,caleb_love,caleb_love,1610612757,Portland,Trail Blazers,POR,blazers,blazers,Y,00
201567,"Love, Kevin",Kevin Love,1,2008,2025,kevin_love,kevin_love,1610612762,Utah,Jazz,UTA,jazz,jazz,Y,00
200768,"Lowry, Kyle",Kyle Lowry,1,2006,2025,kyle_lowry,kyle_lowry,1610612755,Philadelphia,76ers,PHI,sixers,sixers,Y,00
1642863,"Maluach, Khaman",Khaman Maluach,1,2025,2025,tmp_khaman_maluach,khaman_maluach,1610612756,Phoenix,Suns,PHX,suns,suns,Y,00
1630572,"Mamukelashvili, Sandro",Sandro Mamukelashvili,1,2021,2025,sandro_mamukelashvili,sandro_mamukelashvili,1610612761,Toronto,Raptors,TOR,raptors,raptors,Y,01
1629611,"Mann, Terance",Terance Mann,1,2019,2025,terance_mann,terance_mann,1610612751,Brooklyn,Nets,BKN,nets,nets,Y,01
1630544,"Mann, Tre",Tre Mann,1,2021,2025,tre_mann,tre_mann,1610612766,Charlotte,Hornets,CHA,hornets,hornets,Y,01
1628374,"Markkanen, Lauri",Lauri Markkanen,1,2017,2025,lauri_markkanen,lauri_markkanen,1610612762,Utah,Jazz,UTA,jazz,jazz,Y,00
1630230,"Marshall, Naji",Naji Marshall,1,2020,2025,naji_marshall,naji_marshall,1610612742,Dallas,Mavericks,DAL,mavericks,mavericks,Y,01
1642918,"Martin, Alijah",Alijah Martin,1,2025,2025,alijah_martin,alijah_martin,1610612761,Toronto,Raptors,TOR,raptors,raptors,Y,00
1628997,"Martin, Caleb",Caleb Martin,1,2019,2025,caleb_martin,caleb_martin,1610612742,Dallas,Mavericks,DAL,mavericks,mavericks,Y,01
1631213,"Martin, Tyrese",Tyrese Martin,1,2022,2025,tyrese_martin,tyrese_martin,1610612751,Brooklyn,Nets,BKN,nets,nets,Y,01
1631097,"Mathurin, Bennedict",Bennedict Mathurin,1,2022,2025,bennedict_mathurin,bennedict_mathurin,1610612754,Indiana,Pacers,IND,pacers,pacers,Y,00
1631255,"Matković, Karlo",Karlo Matković,1,2024,2025,karlo_matkovic,karlo_matković,1610612740,New Orleans,Pelicans,NOP,pelicans,pelicans,Y,01
1630178,"Maxey, Tyrese",Tyrese Maxey,1,2020,2025,tyrese_maxey,tyrese_maxey,1610612755,Philadelphia,76ers,PHI,sixers,sixers,Y,00
1643024,"Mañon, Chris",Chris Mañon,1,2025,2025,chris_manon,chris_mañon,1610612747,Los Angeles,Lakers,LAL,lakers,lakers,Y,00
1630540,"McBride, Miles",Miles McBride,1,2021,2025,miles_mcbride,miles_mcbride,1610612752,New York,Knicks,NYK,knicks,knicks,Y,01
1642272,"McCain, Jared",Jared McCain,1,2024,2025,tmp_jared_mccain,jared_mccain,1610612755,Philadelphia,76ers,PHI,sixers,sixers,Y,00
1630644,"McClung, Mac",Mac McClung,1,2021,2025,mac_mcclung,mac_mcclung,1610612754,Indiana,Pacers,IND,pacers,pacers,Y,01
203468,"McCollum, CJ",CJ McCollum,1,2013,2025,cj_mccollum,cj_mccollum,1610612764,Washington,Wizards,WAS,wizards,wizards,Y,01
204456,"McConnell, T.J.",T.J. McConnell,1,2015,2025,t.j._mcconnell,tj_mcconnell,1610612754,Indiana,Pacers,IND,pacers,pacers,Y,00
1641755,"McCullar Jr., Kevin",Kevin McCullar Jr.,1,2024,2025,kevin_mccullar_jr,kevin_mccullar_jr,1610612752,New York,Knicks,NYK,knicks,knicks,Y,01
1630183,"McDaniels, Jaden",Jaden McDaniels,1,2020,2025,jaden_mcdaniels,jaden_mcdaniels,1610612750,Minnesota,Timberwolves,MIN,timberwolves,timberwolves,Y,00
203926,"McDermott, Doug",Doug McDermott,1,2014,2025,doug_mcdermott,doug_mcdermott,1610612758,Sacramento,Kings,SAC,kings,kings,Y,00
1631121,"McGowens, Bryce",Bryce McGowens,1,2022,2025,bryce_mcgowens,bryce_mcgowens,1610612740,New Orleans,Pelicans,NOP,pelicans,pelicans,Y,01
1629162,"McLaughlin, Jordan",Jordan McLaughlin,1,2019,2025,jordan_mclaughlin,jordan_mclaughlin,1610612759,San Antonio,Spurs,SAS,spurs,spurs,Y,01
1642862,"McNeeley, Liam",Liam McNeeley,1,2025,2025,liam_mcneeley,liam_mcneeley,1610612766,Charlotte,Hornets,CHA,hornets,hornets,Y,00
1629001,"Melton, De'Anthony",De'Anthony Melton,1,2018,2025,deanthony_melton,deanthony_melton,1610612744,Golden State,Warriors,GSW,warriors,warriors,Y,01
1630241,"Merrill, Sam",Sam Merrill,1,2020,2025,sam_merrill,sam_merrill,1610612739,Cleveland,Cavaliers,CLE,cavaliers,cavaliers,Y,01
203114,"Middleton, Khris",Khris Middleton,1,2012,2025,khris_middleton,khris_middleton,1610612764,Washington,Wizards,WAS,wizards,wizards,Y,01
1641706,"Miller, Brandon",Brandon Miller,1,2023,2025,brandon_miller,brandon_miller,1610612766,Charlotte,Hornets,CHA,hornets,hornets,Y,00
1641801,"Miller, Emanuel",Emanuel Miller,1,2024,2025,emanuel_miller,emanuel_miller,1610612741,Chicago,Bulls,CHI,bulls,bulls,Y,01
1641757,"Miller, Jordan",Jordan Miller,1,2023,2025,jordan_miller,jordan_miller,1610612746,LA,Clippers,LAC,clippers,clippers,Y,01
1631159,"Miller, Leonard",Leonard Miller,1,2023,2025,leonard_miller,leonard_miller,1610612750,Minnesota,Timberwolves,MIN,timberwolves,timberwolves,Y,01
1642434,"Minix, Riley",Riley Minix,1,2024,2025,riley_minix,riley_minix,1610612759,San Antonio,Spurs,SAS,spurs,spurs,Y,01
1631169,"Minott, Josh",Josh Minott,1,2022,2025,josh_minott,josh_minott,1610612738,Boston,Celtics,BOS,celtics,celtics,Y,01
1642274,"Missi, Yves",Yves Missi,1,2024,2025,tmp_yves_missi,yves_missi,1610612740,New Orleans,Pelicans,NOP,pelicans,pelicans,Y,00
1642349,"Mitchell, Ajay",Ajay Mitchell,1,2024,2025,ajay_mitchell,ajay_mitchell,1610612760,Oklahoma City,Thunder,OKC,thunder,thunder,Y,00
1630558,"Mitchell, Davion",Davion Mitchell,1,2021,2025,davion_mitchell,davion_mitchell,1610612748,Miami,Heat,MIA,heat,heat,Y,00
1628378,"Mitchell, Donovan",Donovan Mitchell,1,2017,2025,donovan_mitchell,donovan_mitchell,1610612739,Cleveland,Cavaliers,CLE,cavaliers,cavaliers,Y,00
1630596,"Mobley, Evan",Evan Mobley,1,2021,2025,evan_mobley,evan_mobley,1610612739,Cleveland,Cavaliers,CLE,cavaliers,cavaliers,Y,00
1642367,"Mogbo, Jonathan",Jonathan Mogbo,1,2024,2025,jonathan_mogbo,jonathan_mogbo,1610612761,Toronto,Raptors,TOR,raptors,raptors,Y,01
1628370,"Monk, Malik",Malik Monk,1,2017,2025,malik_monk,malik_monk,1610612758,Sacramento,Kings,SAC,kings,kings,Y,01
1630541,"Moody, Moses",Moses Moody,1,2021,2025,moses_moody,moses_moody,1610612744,Golden State,Warriors,GSW,warriors,warriors,Y,01
1629630,"Morant, Ja",Ja Morant,1,2019,2025,ja_morant,ja_morant,1610612763,Memphis,Grizzlies,MEM,grizzlies,grizzlies,Y,00
1630530,"Murphy III, Trey",Trey Murphy III,1,2021,2025,trey_murphy_iii,trey_murphy_iii,1610612740,New Orleans,Pelicans,NOP,pelicans,pelicans,Y,01
1627749,"Murray, Dejounte",Dejounte Murray,1,2016,2025,dejounte_murray,dejounte_murray,1610612740,New Orleans,Pelicans,NOP,pelicans,pelicans,Y,01
1627750,"Murray, Jamal",Jamal Murray,1,2016,2025,jamal_murray,jamal_murray,1610612743,Denver,Nuggets,DEN,nuggets,nuggets,Y,00
1631099,"Murray, Keegan",Keegan Murray,1,2022,2025,keegan_murray,keegan_murray,1610612758,Sacramento,Kings,SAC,kings,kings,Y,00
1631200,"Murray, Kris",Kris Murray,1,2023,2025,kris_murray,kris_murray,1610612757,Portland,Trail Blazers,POR,blazers,blazers,Y,01
1642867,"Murray-Boyles, Collin",Collin Murray-Boyles,1,2025,2025,collin_murray-boyles,collin_murray-boyles,1610612761,Toronto,Raptors,TOR,raptors,raptors,Y,00
1629004,"Mykhailiuk, Svi",Svi Mykhailiuk,1,2018,2025,sviatoslav_mykhailiuk,svi_mykhailiuk,1610612762,Utah,Jazz,UTA,jazz,jazz,Y,01
1631250,"Nance, Pete",Pete Nance,1,2023,2025,pete_nance,pete_nance,1610612749,Milwaukee,Bucks,MIL,bucks,bucks,Y,01
1626204,"Nance Jr., Larry",Larry Nance Jr.,1,2015,2025,larry_nance_jr,larry_nance_jr,1610612739,Cleveland,Cavaliers,CLE,cavaliers,cavaliers,Y,00
1642947,"Ndiaye, Eli John",Eli John Ndiaye,1,2025,2025,tmp_eli_john_ndiaye,eli_john_ndiaye,1610612737,Atlanta,Hawks,ATL,hawks,hawks,Y,00
1629614,"Nembhard, Andrew",Andrew Nembhard,1,2022,2025,andrew_nembhard,andrew_nembhard,1610612754,Indiana,Pacers,IND,pacers,pacers,Y,00
1642948,"Nembhard, Ryan",Ryan Nembhard,1,2025,2025,ryan_nembhard,ryan_nembhard,1610612742,Dallas,Mavericks,DAL,mavericks,mavericks,Y,00
1630174,"Nesmith, Aaron",Aaron Nesmith,1,2020,2025,aaron_nesmith,aaron_nesmith,1610612754,Indiana,Pacers,IND,pacers,pacers,Y,01
1642854,"Newell, Asa",Asa Newell,1,2025,2025,tmp_asa_newell,asa_newell,1610612737,Atlanta,Hawks,ATL,hawks,hawks,Y,00
1627777,"Niang, Georges",Georges Niang,1,2016,2025,georges_niang,georges_niang,1610612762,Utah,Jazz,UTA,jazz,jazz,Y,01
1642949,"Niederhäuser, Yanic Konan",Yanic Konan Niederhäuser,1,2025,2025,yanic_konan_niederhauser,yanic_konan_niederhäuser,1610612746,LA,Clippers,LAC,clippers,clippers,Y,00
1630192,"Nnaji, Zeke",Zeke Nnaji,1,2020,2025,zeke_nnaji,zeke_nnaji,1610612743,Denver,Nuggets,DEN,nuggets,nuggets,Y,00
203994,"Nurkić, Jusuf",Jusuf Nurkić,1,2014,2025,jusuf_nurkic,jusuf_nurkić,1610612762,Utah,Jazz,UTA,jazz,jazz,Y,00
1626220,"O'Neale, Royce",Royce O'Neale,1,2017,2025,royce_o'neale,royce_oneale,1610612756,Phoenix,Suns,PHX,suns,suns,Y,01
1629006,"Okogie, Josh",Josh Okogie,1,2018,2025,josh_okogie,josh_okogie,1610612745,Houston,Rockets,HOU,rockets,rockets,Y,00
1630168,"Okongwu, Onyeka",Onyeka Okongwu,1,2020,2025,onyeka_okongwu,onyeka_okongwu,1610612737,Atlanta,Hawks,ATL,hawks,hawks,Y,00
1630171,"Okoro, Isaac",Isaac Okoro,1,2020,2025,isaac_okoro,isaac_okoro,1610612741,Chicago,Bulls,CHI,bulls,bulls,Y,00
1642950,"Olbrich, Lachlan",Lachlan Olbrich,1,2025,2025,lachlan_olbrich,lachlan_olbrich,1610612741,Chicago,Bulls,CHI,bulls,bulls,Y,00
203482,"Olynyk, Kelly",Kelly Olynyk,1,2013,2025,kelly_olynyk,kelly_olynyk,1610612759,San Antonio,Spurs,SAS,spurs,spurs,Y,00
1626162,"Oubre Jr., Kelly",Kelly Oubre Jr.,1,2015,2025,kelly_oubre_jr,kelly_oubre_jr,1610612755,Philadelphia,76ers,PHI,sixers,sixers,Y,00
101108,"Paul, Chris",Chris Paul,1,2005,2025,chris_paul,chris_paul,1610612746,LA,Clippers,LAC,clippers,clippers,Y,00
1627780,"Payton II, Gary",Gary Payton II,1,2016,2025,gary_payton_ii,gary_payton_ii,1610612744,Golden State,Warriors,GSW,warriors,warriors,Y,01
1642877,"Peavy, Micah",Micah Peavy,1,2025,2025,micah_peavy,micah_peavy,1610612740,New Orleans,Pelicans,NOP,pelicans,pelicans,Y,00
1642869,"Penda, Noah",Noah Penda,1,2025,2025,noah_penda,noah_penda,1610612753,Orlando,Magic,ORL,magic,magic,Y,00
1643007,"Peter, Taelon",Taelon Peter,1,2025,2025,taelon_peter,taelon_peter,1610612754,Indiana,Pacers,IND,pacers,pacers,Y,00
1641809,"Peterson, Drew",Drew Peterson,1,2023,2025,drew_peterson,drew_peterson,1610612766,Charlotte,Hornets,CHA,hornets,hornets,Y,01
1641763,"Phillips, Julian",Julian Phillips,1,2023,2025,julian_phillips,julian_phillips,1610612741,Chicago,Bulls,CHI,bulls,bulls,Y,01
1629618,"Pickett, Jalen",Jalen Pickett,1,2023,2025,jalen_pickett,jalen_pickett,1610612743,Denver,Nuggets,DEN,nuggets,nuggets,Y,01
1630590,"Pippen Jr., Scotty",Scotty Pippen Jr.,1,2022,2025,scotty_pippen_jr,scotty_pippen_jr,1610612763,Memphis,Grizzlies,MEM,grizzlies,grizzlies,Y,01
1631342,"Plowden, Daeqwon",Daeqwon Plowden,1,2024,2025,daeqwon_plowden,daeqwon_plowden,1610612758,Sacramento,Kings,SAC,kings,kings,Y,01
203486,"Plumlee, Mason",Mason Plumlee,1,2013,2025,mason_plumlee,mason_plumlee,1610612766,Charlotte,Hornets,CHA,hornets,hornets,Y,01
1641764,"Podziemski, Brandin",Brandin Podziemski,1,2023,2025,brandon_podziemski,brandin_podziemski,1610612744,Golden State,Warriors,GSW,warriors,warriors,Y,00
1627751,"Poeltl, Jakob",Jakob Poeltl,1,2016,2025,jakob_poeltl,jakob_poeltl,1610612761,Toronto,Raptors,TOR,raptors,raptors,Y,01
1629673,"Poole, Jordan",Jordan Poole,1,2019,2025,jordan_poole,jordan_poole,1610612740,New Orleans,Pelicans,NOP,pelicans,pelicans,Y,01
1641854,"Porter Jr., Craig",Craig Porter Jr.,1,2023,2025,craig_porter,craig_porter_jr,1610612739,Cleveland,Cavaliers,CLE,cavaliers,cavaliers,Y,01
1629645,"Porter Jr., Kevin",Kevin Porter Jr.,1,2019,2025,kevin_porter_jr,kevin_porter_jr,1610612749,Milwaukee,Bucks,MIL,bucks,bucks,Y,01
1629008,"Porter Jr., Michael",Michael Porter Jr.,1,2018,2025,michael_porter_jr,michael_porter_jr,1610612751,Brooklyn,Nets,BKN,nets,nets,Y,00
1626171,"Portis, Bobby",Bobby Portis,1,2015,2025,bobby_portis,bobby_portis,1610612749,Milwaukee,Bucks,MIL,bucks,bucks,Y,01
204001,"Porziņģis, Kristaps",Kristaps Porziņģis,1,2015,2025,kristaps_porzingis,kristaps_porziņģis,1610612737,Atlanta,Hawks,ATL,hawks,hawks,Y,00
1642366,"Post, Quinten",Quinten Post,1,2024,2025,quinten_post,quinten_post,1610612744,Golden State,Warriors,GSW,warriors,warriors,Y,01
1642962,"Powell, Drake",Drake Powell,1,2025,2025,drake_powell,drake_powell,1610612751,Brooklyn,Nets,BKN,nets,nets,Y,00
203939,"Powell, Dwight",Dwight Powell,1,2014,2025,dwight_powell,dwight_powell,1610612742,Dallas,Mavericks,DAL,mavericks,mavericks,Y,01
1626181,"Powell, Norman",Norman Powell,1,2015,2025,norman_powell,norman_powell,1610612748,Miami,Heat,MIA,heat,heat,Y,01
1627752,"Prince, Taurean",Taurean Prince,1,2016,2025,taurean_prince,taurean_prince,1610612749,Milwaukee,Bucks,MIL,bucks,bucks,Y,01
1630202,"Pritchard, Payton",Payton Pritchard,1,2020,2025,payton_pritchard,payton_pritchard,1610612738,Boston,Celtics,BOS,celtics,celtics,Y,00
1642878,"Proctor, Tyrese",Tyrese Proctor,1,2025,2025,tyrese_proctor,tyrese_proctor,1610612739,Cleveland,Cavaliers,CLE,cavaliers,cavaliers,Y,00
1641765,"Prosper, Olivier-Maxence",Olivier-Maxence Prosper,1,2023,2025,olivier-maxence_prosper,olivier-maxence_prosper,1610612763,Memphis,Grizzlies,MEM,grizzlies,grizzlies,Y,01
1642852,"Queen, Derik",Derik Queen,1,2025,2025,derik_queen,derik_queen,1610612740,New Orleans,Pelicans,NOP,pelicans,pelicans,Y,00
1629674,"Queta, Neemias",Neemias Queta,1,2021,2025,neemias_queta,neemias_queta,1610612738,Boston,Celtics,BOS,celtics,celtics,Y,01
1630193,"Quickley, Immanuel",Immanuel Quickley,1,2020,2025,immanuel_quickley,immanuel_quickley,1610612761,Toronto,Raptors,TOR,raptors,raptors,Y,00
203944,"Randle, Julius",Julius Randle,1,2014,2025,julius_randle,julius_randle,1610612750,Minnesota,Timberwolves,MIN,timberwolves,timberwolves,Y,00
1642875,"Raynaud, Maxime",Maxime Raynaud,1,2025,2025,maxime_raynaud,maxime_raynaud,1610612758,Sacramento,Kings,SAC,kings,kings,Y,00
1641871,"Reath, Duop",Duop Reath,1,2023,2025,duop_reath,duop_reath,1610612757,Portland,Trail Blazers,POR,blazers,blazers,Y,01
1630559,"Reaves, Austin",Austin Reaves,1,2021,2025,austin_reaves,austin_reaves,1610612747,Los Angeles,Lakers,LAL,lakers,lakers,Y,00
1630194,"Reed, Paul",Paul Reed,1,2020,2025,paul_reed,paul_reed,1610612765,Detroit,Pistons,DET,pistons,pistons,Y,01
1641810,"Reeves, Antonio",Antonio Reeves,1,2024,2025,antonio_reeves,antonio_reeves,1610612766,Charlotte,Hornets,CHA,hornets,hornets,Y,01
1629675,"Reid, Naz",Naz Reid,1,2019,2025,naz_reid,naz_reid,1610612750,Minnesota,Timberwolves,MIN,timberwolves,timberwolves,Y,01
1642954,"Richard, Will",Will Richard,1,2025,2025,will_richard,will_richard,1610612744,Golden State,Warriors,GSW,warriors,warriors,Y,00
1630208,"Richards, Nick",Nick Richards,1,2020,2025,nick_richards,nick_richards,1610612756,Phoenix,Suns,PHX,suns,suns,Y,01
1642859,"Richardson, Jase",Jase Richardson,1,2025,2025,tmp_jason_richardson,jase_richardson,1610612753,Orlando,Magic,ORL,magic,magic,Y,00
1642860,"Riley, Will",Will Riley,1,2025,2025,tmp_will_riley,will_riley,1610612764,Washington,Wizards,WAS,wizards,wizards,Y,00
1642258,"Risacher, Zaccharie",Zaccharie Risacher,1,2024,2025,tmp_zaccharie_risacher,zaccharie_risacher,1610612737,Atlanta,Hawks,ATL,hawks,hawks,Y,00
1629130,"Robinson, Duncan",Duncan Robinson,1,2018,2025,duncan_robinson,duncan_robinson,1610612765,Detroit,Pistons,DET,pistons,pistons,Y,01
1629011,"Robinson, Mitchell",Mitchell Robinson,1,2018,2025,mitchell_robinson,mitchell_robinson,1610612752,New York,Knicks,NYK,knicks,knicks,Y,00
1631115,"Robinson, Orlando",Orlando Robinson,1,2022,2025,orlando_robinson,orlando_robinson,1610612753,Orlando,Magic,ORL,magic,magic,Y,01
1631157,"Rollins, Ryan",Ryan Rollins,1,2022,2025,ryan_rollins,ryan_rollins,1610612749,Milwaukee,Bucks,MIL,bucks,bucks,Y,01
1642050,"Rowe, Jackson",Jackson Rowe,1,2024,2025,jackson_rowe,jackson_rowe,1610612744,Golden State,Warriors,GSW,warriors,warriors,Y,01
1626179,"Rozier, Terry",Terry Rozier,1,2015,2025,terry_rozier,terry_rozier,1610612748,Miami,Heat,MIA,heat,heat,Y,01
1641712,"Rupert, Rayan",Rayan Rupert,1,2023,2025,rayan_rupert,rayan_rupert,1610612757,Portland,Trail Blazers,POR,blazers,blazers,Y,01
1626156,"Russell, D'Angelo",D'Angelo Russell,1,2015,2025,d'angelo_russell,dangelo_russell,1610612742,Dallas,Mavericks,DAL,mavericks,mavericks,Y,00
1627734,"Sabonis, Domantas",Domantas Sabonis,1,2016,2025,domantas_sabonis,domantas_sabonis,1610612758,Sacramento,Kings,SAC,kings,kings,Y,00
1642275,"Salaün, Tidjane",Tidjane Salaün,1,2024,2025,tidjane_salaun,tidjane_salaün,1610612766,Charlotte,Hornets,CHA,hornets,hornets,Y,01
1642282,"Sallis, Hunter",Hunter Sallis,1,2025,2025,hunter_sallis,hunter_sallis,1610612755,Philadelphia,76ers,PHI,sixers,sixers,Y,00
1642920,"Sanders, Kobe",Kobe Sanders,1,2025,2025,kobe_sanders,kobe_sanders,1610612746,LA,Clippers,LAC,clippers,clippers,Y,00
1630611,"Santos, Gui",Gui Santos,1,2023,2025,gui_santos,gui_santos,1610612744,Golden State,Warriors,GSW,warriors,warriors,Y,01
1642879,"Saraf, Ben",Ben Saraf,1,2025,2025,tmp_ben_saraf,ben_saraf,1610612751,Brooklyn,Nets,BKN,nets,nets,Y,00
1642259,"Sarr, Alex",Alex Sarr,1,2024,2025,alexandre_sarr,alex_sarr,1610612764,Washington,Wizards,WAS,wizards,wizards,Y,00
1631204,"Sasser, Marcus",Marcus Sasser,1,2023,2025,marcus_sasser,marcus_sasser,1610612765,Detroit,Pistons,DET,pistons,pistons,Y,00
1631248,"Scheierman, Baylor",Baylor Scheierman,1,2024,2025,baylor_scheierman,baylor_scheierman,1610612738,Boston,Celtics,BOS,celtics,celtics,Y,01
203471,"Schröder, Dennis",Dennis Schröder,1,2013,2025,dennis_schroder,dennis_schröder,1610612758,Sacramento,Kings,SAC,kings,kings,Y,01
1641813,"Sears, Mark",Mark Sears,1,2025,2025,mark_sears,mark_sears,1610612749,Milwaukee,Bucks,MIL,bucks,bucks,Y,00
1630578,"Sengun, Alperen",Alperen Sengun,1,2021,2025,alperen_sengun,alperen_sengun,1610612745,Houston,Rockets,HOU,rockets,rockets,Y,00
1641729,"Sensabaugh, Brice",Brice Sensabaugh,1,2023,2025,brice_sensabaugh,brice_sensabaugh,1610612762,Utah,Jazz,UTA,jazz,jazz,Y,01
1629012,"Sexton, Collin",Collin Sexton,1,2018,2025,collin_sexton,collin_sexton,1610612766,Charlotte,Hornets,CHA,hornets,hornets,Y,00
1629013,"Shamet, Landry",Landry Shamet,1,2018,2025,landry_shamet,landry_shamet,1610612752,New York,Knicks,NYK,knicks,knicks,Y,00
1630545,"Shannon Jr., Terrence",Terrence Shannon Jr.,1,2024,2025,terrence_shannon_jr,terrence_shannon_jr,1610612750,Minnesota,Timberwolves,MIN,timberwolves,timberwolves,Y,01
1630549,"Sharpe, Day'Ron",Day'Ron Sharpe,1,2021,2025,dayron_sharpe,dayron_sharpe,1610612751,Brooklyn,Nets,BKN,nets,nets,Y,01
1631101,"Sharpe, Shaedon",Shaedon Sharpe,1,2022,2025,shaedon_sharpe,shaedon_sharpe,1610612757,Portland,Trail Blazers,POR,blazers,blazers,Y,00
1642347,"Shead, Jamal",Jamal Shead,1,2024,2025,jamal_shead,jamal_shead,1610612761,Toronto,Raptors,TOR,raptors,raptors,Y,00
1641767,"Sheppard, Ben",Ben Sheppard,1,2023,2025,ben_sheppard,ben_sheppard,1610612754,Indiana,Pacers,IND,pacers,pacers,Y,01
1642263,"Sheppard, Reed",Reed Sheppard,1,2024,2025,reed_sheppard,reed_sheppard,1610612745,Houston,Rockets,HOU,rockets,rockets,Y,01
1642917,"Shulga, Max",Max Shulga,1,2025,2025,max_shulga,max_shulga,1610612738,Boston,Celtics,BOS,celtics,celtics,Y,00
1627783,"Siakam, Pascal",Pascal Siakam,1,2016,2025,pascal_siakam,pascal_siakam,1610612754,Indiana,Pacers,IND,pacers,pacers,Y,01
1629014,"Simons, Anfernee",Anfernee Simons,1,2018,2025,anfernee_simons,anfernee_simons,1610612738,Boston,Celtics,BOS,celtics,celtics,Y,01
1642354,"Simpson, KJ",KJ Simpson,1,2024,2025,kj_simpson,kj_simpson,1610612766,Charlotte,Hornets,CHA,hornets,hornets,Y,01
1630579,"Sims, Jericho",Jericho Sims,1,2021,2025,jericho_sims,jericho_sims,1610612749,Milwaukee,Bucks,MIL,bucks,bucks,Y,01
1642914,"Small, Javon",Javon Small,1,2025,2025,javon_small,javon_small,1610612763,Memphis,Grizzlies,MEM,grizzlies,grizzlies,Y,00
203935,"Smart, Marcus",Marcus Smart,1,2014,2025,marcus_smart,marcus_smart,1610612747,Los Angeles,Lakers,LAL,lakers,lakers,Y,01
1630696,"Smith, Dru",Dru Smith,1,2022,2025,dru_smith,dru_smith,1610612748,Miami,Heat,MIA,heat,heat,Y,01
1630188,"Smith, Jalen",Jalen Smith,1,2020,2025,jalen_smith,jalen_smith,1610612741,Chicago,Bulls,CHI,bulls,bulls,Y,01
1642449,"Smith, Tolu",Tolu Smith,1,2024,2025,tolu_smith,tolu_smith,1610612765,Detroit,Pistons,DET,pistons,pistons,Y,01
1631095,"Smith Jr., Jabari",Jabari Smith Jr.,1,2022,2025,jabari_smith,jabari_smith_jr,1610612745,Houston,Rockets,HOU,rockets,rockets,Y,00
1641733,"Smith Jr., Nick",Nick Smith Jr.,1,2023,2025,nick_smith_jr,nick_smith_jr,1610612747,Los Angeles,Lakers,LAL,lakers,lakers,Y,01
1631110,"Sochan, Jeremy",Jeremy Sochan,1,2022,2025,jeremy_sochan,jeremy_sochan,1610612759,San Antonio,Spurs,SAS,spurs,spurs,Y,00
1642850,"Sorber, Thomas",Thomas Sorber,1,2025,2025,thomas_sorber,thomas_sorber,1610612760,Oklahoma City,Thunder,OKC,thunder,thunder,N,00
1642285,"Spencer, Cam",Cam Spencer,1,2024,2025,cam_spencer,cam_spencer,1610612763,Memphis,Grizzlies,MEM,grizzlies,grizzlies,Y,01
1630311,"Spencer, Pat",Pat Spencer,1,2023,2025,pat_spencer,pat_spencer,1610612744,Golden State,Warriors,GSW,warriors,warriors,Y,01
1641815,"Stevens, Isaiah",Isaiah Stevens,1,2024,2025,isaiah_stevens,isaiah_stevens,1610612758,Sacramento,Kings,SAC,kings,kings,Y,01
1630191,"Stewart, Isaiah",Isaiah Stewart,1,2020,2025,isaiah_stewart,isaiah_stewart,1610612765,Detroit,Pistons,DET,pistons,pistons,Y,00
1631124,"Strawther, Julian",Julian Strawther,1,2023,2025,julian_strawther,julian_strawther,1610612743,Denver,Nuggets,DEN,nuggets,nuggets,Y,01
1629622,"Strus, Max",Max Strus,1,2019,2025,max_strus,max_strus,1610612739,Cleveland,Cavaliers,CLE,cavaliers,cavaliers,Y,01
1630591,"Suggs, Jalen",Jalen Suggs,1,2021,2025,jalen_suggs,jalen_suggs,1610612753,Orlando,Magic,ORL,magic,magic,Y,00
1630256,"Tate, Jae'Sean",Jae'Sean Tate,1,2020,2025,jaesean_tate,jaesean_tate,1610612745,Houston,Rockets,HOU,rockets,rockets,Y,00
1628369,"Tatum, Jayson",Jayson Tatum,1,2017,2025,jayson_tatum,jayson_tatum,1610612738,Boston,Celtics,BOS,celtics,celtics,Y,00
1643141,"Telfort, Jahmyl",Jahmyl Telfort,1,2025,2025,jahmyl_telfort,jahmyl_telfort,1610612746,LA,Clippers,LAC,clippers,clippers,Y,00
202066,"Temple, Garrett",Garrett Temple,1,2009,2025,garrett_temple,garrett_temple,1610612761,Toronto,Raptors,TOR,raptors,raptors,Y,01
1631207,"Terry, Dalen",Dalen Terry,1,2022,2025,dalen_terry,dalen_terry,1610612741,Chicago,Bulls,CHI,bulls,bulls,Y,01
1642876,"Thiero, Adou",Adou Thiero,1,2025,2025,adou_thiero,adou_thiero,1610612747,Los Angeles,Lakers,LAL,lakers,lakers,N,00
1630560,"Thomas, Cam",Cam Thomas,1,2021,2025,cam_thomas,cam_thomas,1610612751,Brooklyn,Nets,BKN,nets,nets,Y,00
1641708,"Thompson, Amen",Amen Thompson,1,2023,2025,amen_thompson,amen_thompson,1610612745,Houston,Rockets,HOU,rockets,rockets,Y,00
1641709,"Thompson, Ausar",Ausar Thompson,1,2023,2025,ausar_thompson,ausar_thompson,1610612765,Detroit,Pistons,DET,pistons,pistons,Y,00
202691,"Thompson, Klay",Klay Thompson,1,2011,2025,klay_thompson,klay_thompson,1610612742,Dallas,Mavericks,DAL,mavericks,mavericks,Y,00
1629680,"Thybulle, Matisse",Matisse Thybulle,1,2019,2025,matisse_thybulle,matisse_thybulle,1610612757,Portland,Trail Blazers,POR,blazers,blazers,Y,00
1630214,"Tillman, Xavier",Xavier Tillman,1,2020,2025,xavier_tillman,xavier_tillman,1610612738,Boston,Celtics,BOS,celtics,celtics,Y,01
1641772,"Tomlin, Nae'Qwan",Nae'Qwan Tomlin,1,2024,2025,naeqwan_tomlin,naeqwan_tomlin,1610612739,Cleveland,Cavaliers,CLE,cavaliers,cavaliers,Y,01
1642910,"Tonje, John",John Tonje,1,2025,2025,john_tonje,john_tonje,1610612762,Utah,Jazz,UTA,jazz,jazz,Y,00
1642893,"Toohey, Alex",Alex Toohey,1,2025,2025,tmp_alex_toohey,alex_toohey,1610612744,Golden State,Warriors,GSW,warriors,warriors,N,00
1642260,"Topić, Nikola",Nikola Topić,1,2024,2025,nikola_topic,nikola_topić,1610612760,Oklahoma City,Thunder,OKC,thunder,thunder,Y,00
1631210,"Toppin, Jacob",Jacob Toppin,1,2023,2025,jacob_toppin,jacob_toppin,1610612737,Atlanta,Hawks,ATL,hawks,hawks,Y,01
1630167,"Toppin, Obi",Obi Toppin,1,2020,2025,obi_toppin,obi_toppin,1610612754,Indiana,Pacers,IND,pacers,pacers,Y,00
1626157,"Towns, Karl-Anthony",Karl-Anthony Towns,1,2015,2025,karl-anthony_towns,karl-anthony_towns,1610612752,New York,Knicks,NYK,knicks,knicks,Y,00
1642849,"Traore, Nolan",Nolan Traore,1,2025,2025,nolan_traoré,nolan_traore,1610612751,Brooklyn,Nets,BKN,nets,nets,Y,00
1631247,"Travers, Luke",Luke Travers,1,2024,2025,luke_travers,luke_travers,1610612739,Cleveland,Cavaliers,CLE,cavaliers,cavaliers,Y,01
1629018,"Trent Jr., Gary",Gary Trent Jr.,1,2018,2025,gary_trent_jr,gary_trent_jr,1610612749,Milwaukee,Bucks,MIL,bucks,bucks,Y,01
1631131,"Tshiebwe, Oscar",Oscar Tshiebwe,1,2023,2025,oscar_tshiebwe,oscar_tshiebwe,1610612762,Utah,Jazz,UTA,jazz,jazz,Y,01
1626167,"Turner, Myles",Myles Turner,1,2015,2025,myles_turner,myles_turner,1610612749,Milwaukee,Bucks,MIL,bucks,bucks,Y,00
1641816,"Tyson, Hunter",Hunter Tyson,1,2023,2025,hunter_tyson,hunter_tyson,1610612743,Denver,Nuggets,DEN,nuggets,nuggets,Y,01
1642281,"Tyson, Jaylon",Jaylon Tyson,1,2024,2025,jaylon_tyson,jaylon_tyson,1610612739,Cleveland,Cavaliers,CLE,cavaliers,cavaliers,Y,01
202685,"Valančiūnas, Jonas",Jonas Valančiūnas,1,2012,2025,jonas_valanciunas,jonas_valančiūnas,1610612743,Denver,Nuggets,DEN,nuggets,nuggets,Y,00
1627832,"VanVleet, Fred",Fred VanVleet,1,2016,2025,fred_vanvleet,fred_vanvleet,1610612745,Houston,Rockets,HOU,rockets,rockets,Y,01
1629020,"Vanderbilt, Jarred",Jarred Vanderbilt,1,2018,2025,jarred_vanderbilt,jarred_vanderbilt,1610612747,Los Angeles,Lakers,LAL,lakers,lakers,Y,01
1630170,"Vassell, Devin",Devin Vassell,1,2020,2025,devin_vassell,devin_vassell,1610612759,San Antonio,Spurs,SAS,spurs,spurs,Y,00
1629216,"Vincent, Gabe",Gabe Vincent,1,2019,2025,gabe_vincent,gabe_vincent,1610612747,Los Angeles,Lakers,LAL,lakers,lakers,Y,01
1641774,"Vukcevic, Tristan",Tristan Vukcevic,1,2023,2025,tristan_vukcevic,tristan_vukcevic,1610612764,Washington,Wizards,WAS,wizards,wizards,Y,01
202696,"Vučević, Nikola",Nikola Vučević,1,2011,2025,nikola_vucevic,nikola_vučević,1610612741,Chicago,Bulls,CHI,bulls,bulls,Y,00
1629731,"Wade, Dean",Dean Wade,1,2019,2025,dean_wade,dean_wade,1610612739,Cleveland,Cavaliers,CLE,cavaliers,cavaliers,Y,01
1630532,"Wagner, Franz",Franz Wagner,1,2021,2025,franz_wagner,franz_wagner,1610612753,Orlando,Magic,ORL,magic,magic,Y,00
1629021,"Wagner, Moritz",Moritz Wagner,1,2018,2025,moritz_wagner,moritz_wagner,1610612753,Orlando,Magic,ORL,magic,magic,Y,01
1631133,"Walker, Jabari",Jabari Walker,1,2022,2025,jabari_walker,jabari_walker,1610612755,Philadelphia,76ers,PHI,sixers,sixers,Y,01
1641716,"Walker, Jarace",Jarace Walker,1,2023,2025,jarace_walker,jarace_walker,1610612754,Indiana,Pacers,IND,pacers,pacers,Y,01
1641717,"Wallace, Cason",Cason Wallace,1,2023,2025,cason_wallace,cason_wallace,1610612760,Oklahoma City,Thunder,OKC,thunder,thunder,Y,00
1630811,"Wallace, Keaton",Keaton Wallace,1,2024,2025,keaton_wallace,keaton_wallace,1610612737,Atlanta,Hawks,ATL,hawks,hawks,Y,01
1641775,"Walsh, Jordan",Jordan Walsh,1,2023,2025,jordan_walsh,jordan_walsh,1610612738,Boston,Celtics,BOS,celtics,celtics,Y,01
1642266,"Walter, Ja'Kobe",Ja'Kobe Walter,1,2024,2025,jakobe_walter,jakobe_walter,1610612761,Toronto,Raptors,TOR,raptors,raptors,Y,01
1642276,"Ware, Kel'el",Kel'el Ware,1,2024,2025,kelel_ware,kelel_ware,1610612748,Miami,Heat,MIA,heat,heat,Y,00
1629023,"Washington, P.J.",P.J. Washington,1,2019,2025,pj_washington,pj_washington,1610612742,Dallas,Mavericks,DAL,mavericks,mavericks,Y,00
1630322,"Waters III, Lindy",Lindy Waters III,1,2021,2025,lindy_waters_iii,lindy_waters_iii,1610612759,San Antonio,Spurs,SAS,spurs,spurs,Y,01
1630570,"Watford, Trendon",Trendon Watford,1,2021,2025,trendon_watford,trendon_watford,1610612755,Philadelphia,76ers,PHI,sixers,sixers,Y,00
1642364,"Watkins, Jamir",Jamir Watkins,1,2025,2025,jamir_watkins,jamir_watkins,1610612764,Washington,Wizards,WAS,wizards,wizards,Y,00
1631212,"Watson, Peyton",Peyton Watson,1,2022,2025,peyton_watson,peyton_watson,1610612743,Denver,Nuggets,DEN,nuggets,nuggets,Y,01
1642377,"Wells, Jaylen",Jaylen Wells,1,2024,2025,jaylen_wells,jaylen_wells,1610612763,Memphis,Grizzlies,MEM,grizzlies,grizzlies,Y,00
1641705,"Wembanyama, Victor",Victor Wembanyama,1,2023,2025,victor_wembanyama,victor_wembanyama,1610612759,San Antonio,Spurs,SAS,spurs,spurs,Y,00
1631104,"Wesley, Blake",Blake Wesley,1,2022,2025,blake_wesley,blake_wesley,1610612757,Portland,Trail Blazers,POR,blazers,blazers,Y,01
201566,"Westbrook, Russell",Russell Westbrook,1,2008,2025,russell_westbrook,russell_westbrook,1610612758,Sacramento,Kings,SAC,kings,kings,Y,00
1629632,"White, Coby",Coby White,1,2019,2025,coby_white,coby_white,1610612741,Chicago,Bulls,CHI,bulls,bulls,Y,00
1628401,"White, Derrick",Derrick White,1,2017,2025,derrick_white,derrick_white,1610612738,Boston,Celtics,BOS,celtics,celtics,Y,01
1641715,"Whitmore, Cam",Cam Whitmore,1,2023,2025,cam_whitmore,cam_whitmore,1610612764,Washington,Wizards,WAS,wizards,wizards,Y,00
1630598,"Wiggins, Aaron",Aaron Wiggins,1,2021,2025,aaron_wiggins,aaron_wiggins,1610612760,Oklahoma City,Thunder,OKC,thunder,thunder,Y,01
203952,"Wiggins, Andrew",Andrew Wiggins,1,2014,2025,andrew_wiggins,andrew_wiggins,1610612748,Miami,Heat,MIA,heat,heat,Y,00
1642873,"Williams, Amari",Amari Williams,1,2025,2025,amari_williams,amari_williams,1610612738,Boston,Celtics,BOS,celtics,celtics,Y,00
1630314,"Williams, Brandon",Brandon Williams,1,2021,2025,brandon_williams,brandon_williams,1610612742,Dallas,Mavericks,DAL,mavericks,mavericks,Y,01
1642262,"Williams, Cody",Cody Williams,1,2024,2025,tmp_cody_williams,cody_williams,1610612762,Utah,Jazz,UTA,jazz,jazz,Y,01
1629684,"Williams, Grant",Grant Williams,1,2019,2025,grant_williams,grant_williams,1610612766,Charlotte,Hornets,CHA,hornets,hornets,Y,00
1631114,"Williams, Jalen",Jalen Williams,1,2022,2025,jalen_williams,jalen_williams,1610612760,Oklahoma City,Thunder,OKC,thunder,thunder,Y,00
1631119,"Williams, Jaylin",Jaylin Williams,1,2022,2025,jaylin_williams,jaylin_williams,1610612760,Oklahoma City,Thunder,OKC,thunder,thunder,Y,01
1629026,"Williams, Kenrich",Kenrich Williams,1,2018,2025,kenrich_williams,kenrich_williams,1610612760,Oklahoma City,Thunder,OKC,thunder,thunder,Y,01
1631109,"Williams, Mark",Mark Williams,1,2022,2025,mark_williams,mark_williams,1610612756,Phoenix,Suns,PHX,suns,suns,Y,00
1630172,"Williams, Patrick",Patrick Williams,1,2020,2025,patrick_williams,patrick_williams,1610612741,Chicago,Bulls,CHI,bulls,bulls,Y,00
1630533,"Williams, Ziaire",Ziaire Williams,1,2021,2025,ziaire_williams,ziaire_williams,1610612751,Brooklyn,Nets,BKN,nets,nets,Y,01
1629057,"Williams III, Robert",Robert Williams III,1,2018,2025,robert_williams,robert_williams_iii,1610612757,Portland,Trail Blazers,POR,blazers,blazers,Y,01
1631246,"Williams Jr., Vince",Vince Williams Jr.,1,2022,2025,vince_williams_jr,vince_williams_jr,1610612763,Memphis,Grizzlies,MEM,grizzlies,grizzlies,Y,01
1629627,"Williamson, Zion",Zion Williamson,1,2019,2025,zion_williamson,zion_williamson,1610612740,New Orleans,Pelicans,NOP,pelicans,pelicans,Y,00
1630592,"Wilson, Jalen",Jalen Wilson,1,2023,2025,jalen_wilson,jalen_wilson,1610612751,Brooklyn,Nets,BKN,nets,nets,Y,01
1630164,"Wiseman, James",James Wiseman,0,2020,2025,james_wiseman,james_wiseman,0,,,,,,Y,01
1642874,"Wolf, Danny",Danny Wolf,1,2025,2025,danny_wolf,danny_wolf,1610612751,Brooklyn,Nets,BKN,nets,nets,Y,00
1627824,"Yabusele, Guerschon",Guerschon Yabusele,1,2017,2025,guerschon_yabusele,guerschon_yabusele,1610612752,New York,Knicks,NYK,knicks,knicks,Y,01
1642905,Yang Hansen,Yang Hansen,1,2025,2025,hansen_yang,hansen_yang,1610612757,Portland,Trail Blazers,POR,blazers,blazers,Y,00
1642443,"Young, Jahmir",Jahmir Young,1,2024,2025,jahmir_young,jahmir_young,1610612748,Miami,Heat,MIA,heat,heat,Y,01
1629027,"Young, Trae",Trae Young,1,2018,2025,trae_young,trae_young,1610612737,Atlanta,Hawks,ATL,hawks,hawks,Y,00
1642959,"Youngblood, Chris",Chris Youngblood,1,2025,2025,chris_youngblood,chris_youngblood,1610612760,Oklahoma City,Thunder,OKC,thunder,thunder,Y,00
1642911,"Zikarsky, Rocco",Rocco Zikarsky,1,2025,2025,rocco_zikarsky,rocco_zikarsky,1610612750,Minnesota,Timberwolves,MIN,timberwolves,timberwolves,Y,00
1627826,"Zubac, Ivica",Ivica Zubac,1,2016,2025,ivica_zubac,ivica_zubac,1610612746,LA,Clippers,LAC,clippers,clippers,Y,01
1641783,"da Silva, Tristan",Tristan da Silva,1,2024,2025,tristan_da_silva,tristan_da_silva,1610612753,Orlando,Magic,ORL,magic,magic,Y,00
1642365,"Đurišić, Nikola",Nikola Đurišić,1,2025,2025,nikola_durisic,nikola_đurišić,1610612737,Atlanta,Hawks,ATL,hawks,hawks,Y,01
203967,"Šarić, Dario",Dario Šarić,1,2016,2025,dario_saric,dario_šarić,1610612758,Sacramento,Kings,SAC,kings,kings,Y,00
